{
  "No Finding": {
    "auc_roc": 0.6563738892686262,
    "f1": 0.6404494382022472
  },
  "Atelectasis": {
    "auc_roc": 0.7287694440166333,
    "f1": 0.2915451895043732
  },
  "Cardiomegaly": {
    "auc_roc": 0.5220454545454545,
    "f1": 0.029411764705882353
  },
  "Effusion": {
    "auc_roc": 0.7330471158080138,
    "f1": 0.2911694510739857
  },
  "Pneumonia": {
    "auc_roc": 0.7447478991596639,
    "f1": 0.18181818181818182
  },
  "macro_avg": {
    "auc_roc": 0.6769967605596784,
    "f1": 0.28687880506093405
  }
}