{
  "No Finding": {
    "auc_roc": 0.6569662793347004,
    "f1": 0.711038961038961
  },
  "Atelectasis": {
    "auc_roc": 0.7304481749576467,
    "f1": 0.20168067226890757
  },
  "Cardiomegaly": {
    "auc_roc": 0.5231060606060606,
    "f1": 0.017857142857142856
  },
  "Effusion": {
    "auc_roc": 0.7254827954960055,
    "f1": 0.2905982905982906
  },
  "Pneumonia": {
    "auc_roc": 0.7447478991596639,
    "f1": 0.028169014084507043
  },
  "macro_avg": {
    "auc_roc": 0.6761502419108154,
    "f1": 0.24986881616956183
  }
}