{
  "No Finding": {
    "auc_roc": 0.6569662793347004,
    "f1": 0.6489479512735327
  },
  "Atelectasis": {
    "auc_roc": 0.7304481749576467,
    "f1": 0.2866043613707165
  },
  "Cardiomegaly": {
    "auc_roc": 0.5231060606060606,
    "f1": 0.0547945205479452
  },
  "Effusion": {
    "auc_roc": 0.7254827954960055,
    "f1": 0.29256594724220625
  },
  "Pneumonia": {
    "auc_roc": 0.7447478991596639,
    "f1": 0.0
  },
  "macro_avg": {
    "auc_roc": 0.6761502419108154,
    "f1": 0.2565825560868801
  }
}