{
  "No Finding": {
    "auc_roc": 0.7034290271132376,
    "f1": 0.692896174863388
  },
  "Atelectasis": {
    "auc_roc": 0.7439858308948097,
    "f1": 0.2890995260663507
  },
  "Cardiomegaly": {
    "auc_roc": 0.7363636363636363,
    "f1": 0.08547008547008547
  },
  "Effusion": {
    "auc_roc": 0.7904950619613764,
    "f1": 0.31794871794871793
  },
  "Pneumonia": {
    "auc_roc": 0.6679171668667467,
    "f1": 0.045454545454545456
  },
  "macro_avg": {
    "auc_roc": 0.7284381446399614,
    "f1": 0.2861738099606175
  }
}