{
  "No Finding": {
    "auc_roc": 0.7034290271132376,
    "f1": 0.7192307692307692
  },
  "Atelectasis": {
    "auc_roc": 0.7439858308948097,
    "f1": 0.2983425414364641
  },
  "Cardiomegaly": {
    "auc_roc": 0.7363636363636363,
    "f1": 0.09090909090909091
  },
  "Effusion": {
    "auc_roc": 0.7904950619613764,
    "f1": 0.32294617563739375
  },
  "Pneumonia": {
    "auc_roc": 0.6679171668667467,
    "f1": 0.023809523809523808
  },
  "macro_avg": {
    "auc_roc": 0.7284381446399614,
    "f1": 0.2910476202046483
  }
}