{
  "No Finding": {
    "auc_roc": 0.7064023695602644,
    "f1": 0.7288732394366197
  },
  "Atelectasis": {
    "auc_roc": 0.7438010164792854,
    "f1": 0.34418604651162793
  },
  "Cardiomegaly": {
    "auc_roc": 0.7101515151515152,
    "f1": 0.12
  },
  "Effusion": {
    "auc_roc": 0.7948355035541297,
    "f1": 0.35051546391752575
  },
  "Pneumonia": {
    "auc_roc": 0.818577430972389,
    "f1": 0.044444444444444446
  },
  "macro_avg": {
    "auc_roc": 0.7547535671435167,
    "f1": 0.3176038388620436
  }
}