{
  "No Finding": 0.3,
  "Atelectasis": 0.6500000000000001,
  "Cardiomegaly": 0.7500000000000001,
  "Effusion": 0.5,
  "Pneumonia": 0.4
}