{
  "No Finding": {
    "auc_roc": 0.7064023695602644,
    "f1": 0.7074973600844773
  },
  "Atelectasis": {
    "auc_roc": 0.7438010164792854,
    "f1": 0.32051282051282054
  },
  "Cardiomegaly": {
    "auc_roc": 0.7101515151515152,
    "f1": 0.09345794392523364
  },
  "Effusion": {
    "auc_roc": 0.7948355035541297,
    "f1": 0.35051546391752575
  },
  "Pneumonia": {
    "auc_roc": 0.818577430972389,
    "f1": 0.06896551724137931
  },
  "macro_avg": {
    "auc_roc": 0.7547535671435167,
    "f1": 0.30818982113628735
  }
}